City,State,population
ЧсбэЧж,ЧсбэЧж,5188286
ЬЯЩ,упЩ ЧсупбуЩ,3430697
упх Чсупбух,упЩ ЧсупбуЩ,1534731
ЧсуЯэфх Чсуфцбх,ЧсуЯэфЩ ЧсуфцбЩ,1100093
ЧсЯуЧу,ЧсуфиоЩ ЧсдбоэЩ,903312
Чсхнцн цЧсуШбв,ЧсуфиоЩ ЧсдбоэЩ,660788
ЧсиЧЦн,упЩ ЧсупбуЩ,579970
ЪШцп,ЪШцп,512629
ШбэЯх,Чсоеэу,467410
Юуэг удэи,кгэб,430828
ЧсЬШэс,ЧсуфиоЩ ЧсдбоэЩ,337778
ЭЧЦс,ЭЧЦс,310897
фЬбЧф,фЬбЧф,298288
Энб ЧсШЧиф,ЧсуфиоЩ ЧсдбоэЩ,271642
ЧсЫоШх,ЧсуфиоЩ ЧсдбоэЩ,238066
ЧШхЧ,кгэб,236157
ЧсгэЭ,ЧсбэЧж,103216
эфШк,ЧсуЯэфЩ ЧсуфцбЩ,233236
ЧсЮШб,ЧсуфиоЩ ЧсдбоэЩ,219679
кбкб,ЧсЭЯцЯ ЧсдуЧсэЩ,167057
кфэвх,Чсоеэу,152895
гпЧпЧ,ЧсЬцн,150257
ЧсЭцэх,упЩ ЧсупбуЩ,148151
ЬэвЧф,ЬЧвЧф,127743
ЧсйхбЧф,ЧсуфиоЩ ЧсдбоэЩ,120521
Чсоиэн,ЧсуфиоЩ ЧсдбоэЩ,118327
ЧсобэЧЪ,ЧсЬцн,116162
ЧсШЧЭЩ,ЧсШЧЭЩ,95089
цЧЯэ ЧсЯцЧгб,ЧсбэЧж,93036
Чсбг,Чсоеэу,92501
Шэдх,кгэб,86201
ЪЧбцЪ,ЧсуфиоЩ ЧсдбоэЩ,77757
гэхЧЪ,ЧсуфиоЩ ЧсдбоэЩ,75794
дбцбх,фЬбЧф,75237
ШЭбх,упЩ ЧсупбуЩ,75213
ЧсЮнЬь,ЧсуфиоЩ ЧсдбоэЩ,67012
еШэЧС,ЬЧвЧф,63143
ЧсЯцЧЯуь,ЧсбэЧж,61834
ЧШц кбэд,ЬЧвЧф,61047
Чсвснь,ЧсбэЧж,60867
ЧЭЯ бнэЯх,кгэб,57112
уЭЧЦс,кгэб,56953
бЧШл,упЩ ЧсупбуЩ,55304
бЭэуЩ,ЧсуфиоЩ ЧсдбоэЩ,54166
бнЭЧС,ЧсЭЯцЯ ЧсдуЧсэЩ,52712
енць,ЧсуфиоЩ ЧсдбоэЩ,50447
иШбЬс,ЧсЬцн,48525
ибэн,ЧсЭЯцЯ ЧсдуЧсэЩ,48108
ЧсуЬукх,ЧсбэЧж,47743
ЧсШЯЧЦк,Чсоеэу,46620
кнэн,ЧсбэЧж,45525
ШсЬбдь,ЧсШЧЭЩ,43493
ЧсЯбкэх,ЧсбэЧж,43269
ЧсЯсу,ЧсбэЧж,40114
ЧусЬ,ЪШцп,37757
Шоэо,ЧсуфиоЩ ЧсдбоэЩ,36207
Чскэцф,ЧсуфиоЩ ЧсдбоэЩ,33042
ЯцуЩ ЧсЬфЯс,ЧсЬцн,32613
еЧуих,ЬЧвЧф,32458
ЧсксЧ,ЧсуЯэфЩ ЧсуфцбЩ,32413
сэсь,ЧсбэЧж,30906
Шэд,ЬЧвЧф,30835
ЧсцЬх,ЪШцп,30512
ЪэуЧС,ЪШцп,30411
ЧсувЧЭуэх,ЧсбэЧж,30164
ЧсШпэбэх,Чсоеэу,29547
ЧсуафШ,Чсоеэу,29210
ШЯб,ЧсуЯэфЩ ЧсуфцбЩ,28999
ЧсоЯэЭ,ЧсуфиоЩ ЧсдбоэЩ,27904
ЧсЮбух,упЩ ЧсупбуЩ,27032
ЧсфуЧе,кгэб,27021
ЧскцЧуэх,ЧсуфиоЩ ЧсдбоэЩ,26691
добЧС,ЧсбэЧж,26651
Чсгсэс,ЧсбэЧж,26639
Чсфкэбэх,ЧсуфиоЩ ЧсдбоэЩ,26470
Эцих Шфь Ъуэу,ЧсбэЧж,26270
ЪбШх,упЩ ЧсупбуЩ,25937
Эос,ЪШцп,25649
ЧсЬуцу,упЩ ЧсупбуЩ,25601
жШЧС,ЪШцп,25568
ЧЭЯ ЧсугЧбЭх,ЬЧвЧф,25007
Чсофнах,упЩ ЧсупбуЩ,24512
жуЯ,ЬЧвЧф,24056
йхбЧф ЧсЬфцШ,кгэб,23758
Чсибн,ЧсуфиоЩ ЧсдбоэЩ,23543
Чсоцв,упЩ ЧсупбуЩ,23391
кфп,ЧсуфиоЩ ЧсдбоэЩ,23125
Чсоэецух,ЧсуфиоЩ ЧсдбоэЩ,22538
Чсоцэкэх,ЧсбэЧж,22519
ЧсуЮцЧх,ЧсШЧЭЩ,21999
бфэх,упЩ ЧсупбуЩ,21656
буЧЭ,ЧсбэЧж,20276
ЧсксЧэЩ,кгэб,19956
Юсэе,упЩ ЧсупбуЩ,19331
Эцих гЯэб,ЧсбэЧж,18954
ЧсЭсэсх,ЧсуфиоЩ ЧсдбоэЩ,18583
ЧссэЫ,упЩ ЧсупбуЩ,18430
ЧсШиЧсэх,ЧсуфиоЩ ЧсдбоэЩ,17930
Чсуфэвсх,ЧсуфиоЩ ЧсдбоэЩ,17913
Ыцс,упЩ ЧсупбуЩ,17792
ЧскубЧф,ЧсуфиоЩ ЧсдбоэЩ,17410
ЧсуЬЧбЯх,кгэб,17241
бэЧж ЧсЮШбЧС,Чсоеэу,17236
ЧспсЧШэх,ЧсуфиоЩ ЧсдбоэЩ,16984
ЧсЭЧЦб,ЧсбэЧж,16845
Чсудксэх,фЬбЧф,16795
ЧсЭфЧпэх,ЧсуЯэфЩ ЧсуфцбЩ,16738
Чу ЧсЭуЧу,ЧсуфиоЩ ЧсдбоэЩ,16140
ЮэШб,ЧсуЯэфЩ ЧсуфцбЩ,16081
ухЯ ЧсахШ,ЧсуЯэфЩ ЧсуфцбЩ,15934
Чскоэо,ЧсШЧЭЩ,15329
ЧсЯЧЦб,ЬЧвЧф,15103
ЪфцуЩ,кгэб,14684
ЧсаэШэх,ЧсуфиоЩ ЧсдбоэЩ,14442
Чскцэоэсх,ЧсЭЯцЯ ЧсдуЧсэЩ,14121
ЧсфЧШэх,ЧсуфиоЩ ЧсдбоэЩ,14008
нбгЧф,ЬЧвЧф,14005
гбЧЩ кШэЯЩ,кгэб,13451
ШокЧС ,ЭЧЦс,13382
Чсобэф,ЧсуфиоЩ ЧсдбоэЩ,13296
Чу ЧсгЧхп,ЧсуфиоЩ ЧсдбоэЩ,12998
ЧсШЯк,ЪШцп,12946
осцх,ЧсШЧЭЩ,12925
гЧЬб,ЧсбэЧж,12921
кбох,ЧсбэЧж,12284
ЧсЧцЬЧу,ЧсуфиоЩ ЧсдбоэЩ,12241
ЧсЬдх,ЧсуфиоЩ ЧсдбоэЩ,12024
ЧсЬд,ЧсуфиоЩ ЧсдбоэЩ,11822
убЧЪ,ЧсбэЧж,11768
ЧсйШэх,ЬЧвЧф,11697
жбуЧ,ЧсбэЧж,11461
ЧсЬЧбцЯэх,ЧсуфиоЩ ЧсдбоэЩ,11199
Чскэе,ЧсуЯэфЩ ЧсуфцбЩ,10798
ЧсЧбиЧцэх,ЧсбэЧж,10596
ЧсхэЧЫу,ЧсбэЧж,10495
Ужу,упЩ ЧсупбуЩ,10484
ЬкбЧфх,упЩ ЧсупбуЩ,10440
оШх,Чсоеэу,10439
ЧсЬШэс,ЧсуфиоЩ ЧсдбоэЩ,10241
ЧсуфЯо,ЧсШЧЭЩ,9964
Эсх уЭэд,ЧсуфиоЩ ЧсдбоэЩ,9799
ецэб,ЧсЬцн,9779
ЧсЬнб,ЧсуфиоЩ ЧсдбоэЩ,9707
ЧсоЧбх,ЧсуфиоЩ ЧсдбоэЩ,9702
ЭбэусЧС,ЧсбэЧж,9696
нбкх ибэШ,кгэб,9514
Ъуэб,ЧсбэЧж,9406
ЧсЪцэЫэб,ЧсуфиоЩ ЧсдбоэЩ,9259
Чсбуэсх,ЧсуфиоЩ ЧсдбоэЩ,9068
Чскжэсэх,ЧсуфиоЩ ЧсдбоэЩ,9058
обэх ЧсксэЧ,ЧсуфиоЩ ЧсдбоэЩ,8941
ЧсЫуЯ,ЧсуЯэфЩ ЧсуфцбЩ,8939
ЧсЯбШ,ЬЧвЧф,8878
Чсуфецбх,ЧсуфиоЩ ЧсдбоэЩ,8864
ЧсхЯЧ,упЩ ЧсупбуЩ,8819
ЧслЧи,ЧсбэЧж,8746
ЧсШЯэк цЧсобнэ,ЬЧвЧф,8719
Эбух,ЧсбэЧж,8701
ЧскЧсэх цЧсЮжбЧС,ЬЧвЧф,8678
ЧсЮШбЧС,Чсоеэу,8639
ЧсЬбф,ЧсуфиоЩ ЧсдбоэЩ,8592
Чсуцэх,упЩ ЧсупбуЩ,8553
ЧсЮцэсЯэх,ЧсуфиоЩ ЧсдбоэЩ,8531
ЧскээфЩ,ЧсбэЧж,8523
Чсуйэсн,упЩ ЧсупбуЩ,8508
ЧсЬбЧЯэх,ЬЧвЧф,8488
ЧсЭбэо,ЧсбэЧж,8473
кдэбх,упЩ ЧсупбуЩ,8425
ЧсЪцШь,ЧсуфиоЩ ЧсдбоэЩ,8339
кэцф ЧсЬцЧС,Чсоеэу,8338
ЪЫсэЫ,кгэб,8099
ЭШцфЧ,фЬбЧф,8047
ЧсЧЫфэф,кгэб,8046
ЧсужЧэЧ,ЬЧвЧф,7752
ЧскэЯЧШэ,ЬЧвЧф,7672
ЭЧпух,ЬЧвЧф,7656
Чсуикф,ЬЧвЧф,7652
ЧсицЧс,ЬЧвЧф,7550
ЫЧЯо,ЧсбэЧж,7438
Чсдоэбь,ЬЧвЧф,7238
ЧсШЯэк ЧсдуЧсэ,ЧсбэЧж,7194
ЧсуЭнб,ЧсуЯэфЩ ЧсуфцбЩ,7174
ахШЧф,упЩ ЧсупбуЩ,7161
ЧсдфЧф,ЭЧЦс,7157
ЧсЭЧЦи,ЭЧЦс,7125
ЧсЮцШх,ЬЧвЧф,7091
ЧсусэЯЧС,Чсоеэу,7071
угЪцбх,упЩ ЧсупбуЩ,7034
Чсубпв,ЧсуфиоЩ ЧсдбоэЩ,7014
ЧсЭЯэЫх ЧсоЯэух,ЧсЬцн,6979
ЧскЧбжх,ЬЧвЧф,6947
Уу ЧсЯцу,упЩ ЧсупбуЩ,6853
угсэЩ,ЬЧвЧф,6776
хЬбЩ косЩ Чсеоцб,Чсоеэу,6659
кэф Шф нхэЯ,Чсоеэу,6649
Чснжцс,ЧсуфиоЩ ЧсдбоэЩ,6609
ЧсЭцих,ЧсуфиоЩ ЧсдбоэЩ,6547
Ээ ЧсоиЧб,ЧсбэЧж,6529
Чсбцэжх,ЧсбэЧж,6478
ЧсЭсцх,ЧсбэЧж,6374
Чсуиэбнь,ЧсуфиоЩ ЧсдбоэЩ,6371
ЧсгнЧфэЩ,ЧсуфиоЩ ЧсдбоэЩ,6259
екШб ЧсгнбЧф ЧсдбоэЩ цЧслбШэЩ,упЩ ЧсупбуЩ,6237
ЧсЭгэфэ,ЬЧвЧф,6230
ШЭб ЧШцгпэфх (Юуэг ЧсШЭб),кгэб,6112
Шфэ укф,ЧсуфиоЩ ЧсдбоэЩ,6093
ШЦб Шф хбуЧг,ЪШцп,5975
ЧШц Чсгск,ЬЧвЧф,5931
усэЬх,ЧсуфиоЩ ЧсдбоэЩ,5925
ЬсэЬсх,ЧсуфиоЩ ЧсдбоэЩ,5906
ЧсдуЧгэх,Чсоеэу,5871
ЧсЬЧжк,ЬЧвЧф,5867
ЧсЯсэуэЩ,Чсоеэу,5862
увхбх,ЬЧвЧф,5849
ЧсэуЧух,ЧсбэЧж,5821
ЭЧэбЩ Чсгсу,фЬбЧф,5820
бЮэЩ,ЬЧвЧф,5777
ЯЮфЩ,Чсоеэу,5727
ЪШЧсх,кгэб,5670
Чсдоэо,ЧсуфиоЩ ЧсдбоэЩ,5640
ЧсЮжбЧС,упЩ ЧсупбуЩ,5638
ЧсубЧЭ,ЧсуфиоЩ ЧсдбоэЩ,5633
ЧсусЧЭх,ЧсуфиоЩ ЧсдбоэЩ,5630
ЧскэгЧцэЩ,ЧсЬцн,5629
Чснцэсо,Чсоеэу,5620
ЧШц ЧсгЯЧЯ,ЬЧвЧф,5536
бцжЩ хШЧг,ЧсЭЯцЯ ЧсдуЧсэЩ,5532
ЧсоЧкмЯ,ЭЧЦс,5523
ЧсоцЧбх,Чсоеэу,5523
ЬШх,ЭЧЦс,5493
ЧсжШэкх,ЧсбэЧж,5487
ЭЧсх куЧб,ЪШцп,5293
ЪесЧс,фЬбЧф,5284
уэгЧф,упЩ ЧсупбуЩ,5227
ЧсгЯэбх,упЩ ЧсупбуЩ,5206
кбЬЧС,ЧсбэЧж,5163
ЪбШЩ,ЭЧЦс,5134
ЬЯэЯх кбкб,ЧсЭЯцЯ ЧсдуЧсэЩ,5125
фкЬЧф,ЧсбэЧж,5125
ЧснэЧж,ЧсЬцн,5105
Чссоэх,ЬЧвЧф,5096
ЧсбпцШх,ЬЧвЧф,5091
йсу,упЩ ЧсупбуЩ,5090
ЧсуШЧбпэЩ,ЬЧвЧф,5081
ЧсаэШэЩ,Чсоеэу,5068
